match_id,video_name,extension_name,event,tournament_id,round,date,set_count,duration,win_A,win_B,lose_C,lose_D,first_set_downcourt,homography_matrix,upleft_x,upright_x,downleft_x,downright_x,upleft_y,upright_y,downleft_y,downright_y,video_check,rally_video_check,graph_check
1,SUKAMULJO_GIDEON_HOKI_KOBAYASHI_BWF_World_Tour_2021_Finals,.mp4,1,1,Finals,2022-06-01,2,61,2,1,3,4,1,"[[3.4128264073967465, 2.1801236875366956, -1978.107009405909], [0.10222453510458233, 18.42699826983047, -5228.155314599641], [7.637736345990436e-05, 0.012123691322575042, 1.0]]",421.0,857.8,222.4,1065.2,307.2,304.8,672.8,668.8,1,1,1
2,KIM_KIM_LIU_OU_GWANGJU_YONEX_Korea_Masters_2022_Finals,.mp4,1,2,Finals,2022-04-17,2,37,5,6,7,8,1,"[[1.3945073744068486, 0.7235631940804904, -688.2823729691494], [-0.00739222104927981, 7.28042525655228, -2012.3255338023334], [8.079857675552987e-06, 0.004032462989004622, 1.0]]",377.4,880.6,213.4,1053.6,307.6,308.2,679.6,682.4,1,1,1
3,WANG_HUANG_OU_HUANG_GWANGJU_YONEX_Korea_Masters_2022_Finals,.mp4,3,2,Finals,2022-04-17,2,44,10,9,11,8,1,"[[1.368086645961569, 0.7136544916551633, -671.6152446833172], [-0.02123397538780799, 7.190102218866784, -1982.0892875370682], [-2.3379359187824894e-05, 0.003982942153535191, 1.0]]",374.2,877.4,209.2,1049.4,307.6,309.0,680.2,680.8,1,1,1
4,KIM_KONG_BAEK_LEE_GWANGJU_YONEX_Korea_Masters_2022_Finals,.mp4,2,2,Finals,2022-04-17,2,54,13,12,14,15,0,"[[1.3144176875095486, 0.6874229767341224, -642.2008733145883], [-0.01913968842429016, 7.142195429805126, -1856.0250590145934], [-2.3629245568037957e-05, 0.00398293493213367, 1.0]]",374.0,877.6,209.8,1051.4,307.4,308.6,680.8,680.8,1,1,1
5,ALFIAN_ARDIANTO_LIANG_WANG_DAIHATSU_Indonesia_Masters_2022_Finals,.mp4,1,3,Finals,2022-06-12,2,36,16,17,19,18,0,"[[1.5373038371601317, 0.6655617139970934, -802.1168258877335], [-0.013129641182294849, 6.431804504303463, -1551.498869990092], [-1.1510544606305043e-05, 0.003675563093109781, 1.0]]",438.6,843.6,296.8,988.6,273.2,274.0,658.2,659.0,1,1,1
6,LIANG_WANG_SUKAMULJO_GIDEON_DAIHATSU_Indonesia_Masters_2022_Semifinals,.mp4,1,3,Semi-finals,2022-06-11,2,33,19,18,2,1,0,"[[1.5573733896095519, 0.6789253402382057, -815.4992974842665], [-0.009690040188208928, 6.527490000670644, -1585.8966352778302], [-5.728654117601743e-06, 0.003734512710127637, 1.0]]",439.0,844.0,296.4,988.8,274.6,275.2,658.8,659.8,1,1,1
7,ZHENG_HUANG_GICQUEL_DELRUE_DAIHATSU_Indonesia_Masters_2022_Finals,.mp4,3,3,Finals,2022-06-12,2,38,20,11,21,22,0,"[[1.5458761268559398, 0.6720814401496495, -807.4215187598494], [-0.016242136058745013, 6.476869150834237, -1561.5701964797506], [-1.1504151676562503e-05, 0.003707587791660278, 1.0]]",438.6,843.2,296.4,988.4,273.2,274.2,657.6,659.0,1,1,1
8,YUKI_FUKUSHIMA_SAYAKA_HIROTA_LEE_CHIA_HSIN_TENG_CHUN_HSUN_Asia_Championships_2023_Round_of_32,.mp4,2,4,Round-of-32,2023-04-26,2,37,23,24,25,26,1,"[[1.1159271861666418, 0.6213113478166263, -576.4850290299563], [-0.01388761141751857, 5.127033791703904, -1259.6763885331225], [3.417516502076377e-05, 0.002738721305114737, 1.0]]",403.0,907.8,203.2,1023.6,281.6,283.4,688.6,699.8,1,1,1
9,GOH_SOON_HUAT_LAI_SHEVON_JEMIE_YE_HONG_WEI_LEE_CHIA_HSIN_Asia_Championships_2023_Round_of_32,.mp4,3,4,Round-of-32,2023-04-25,3,51,27,28,29,25,1,"[[1.7059310876525935, 0.7773976362315611, -838.1775944968819], [-0.04488804934777202, 10.023702992946038, -2824.5850902167595], [-6.249903704407293e-05, 0.00631170683903958, 1.0]]",395.4,930.2,254.0,1241.6,313.0,315.2,710.8,710.0,1,1,1
10,BAEK_LEE_JOLLY_PULLELA_YONEX_All_England_Open_2023_Semi-finals,.mp4,2,5,Semi-finals,2023-03-18,2,46,14,33,34,35,1,"[[2.6334991075682974, 1.3826064290919193, -1490.542486128955], [-0.0003766652998698857, 15.33060183422197, -5633.495885399656], [-3.7666528032744064e-06, 0.007563873477383839, 1.0]]",400.2,870.8,270.8,1000.4,393.4,393.4,682.6,682.4,1,1,1
11,Baek_Lee_Rahayu_Ramadhanti_YONEX_All_England_Open_2023_quarterfinals,.mp4,2,5,Quarter-finals,2023-03-17,3,93,14,33,38,39,1,"[[2.6589100456885975, 1.4023883747877457, -1506.662633354585], [-0.006799930691502071, 15.498532996292676, -5684.023206505591], [-5.361383976808765e-06, 0.007670407217110538, 1.0]]",400.2,870.6,270.2,1000.8,392.8,393.0,682.0,682.2,1,1,1
12,Kim_Kong_Chen_Jia_YONEX_All_England_Open_2023_Quarterfinals,.mp4,2,5,Quarter-finals,2023-03-17,3,93,13,12,40,41,1,"[[2.5992061650440377, 1.3641430142129485, -1468.9065819658126], [-0.01325078657452889, 15.12688801287968, -5543.612750145574], [-1.0428082733581825e-05, 0.007468124416907207, 1.0]]",399.8,871.0,270.2,1001.0,392.8,393.2,682.6,683.0,1,1,1
13,MATSUYAMA_SHIDA_TAN_MURALITHARAN_YONEX_German_2023_SemiFinals,.mp4,2,6,Semi-finals,2023-03-12,2,42,42,43,44,45,0,"[[2.014007764813739, 1.2890697054290206, -1090.1441796741378], [0.05573312532444257, 9.882394060057246, -1987.0684299907673], [6.06035700284153e-05, 0.007019502429824231, 1.0]]",432.2,838.8,209.6,1062.0,225.0,222.8,632.4,630.8,1,1,1
14,BAEK_LEE_MATSUYAMA_SHIDA_YONEX_German_2023_Finals,.mp4,2,6,Finals,2023-03-12,2,56,14,33,42,43,1,"[[1.9621284263947187, 1.2581066726534376, -1064.5168998337083], [-0.0013239144318875021, 9.701926888676468, -1920.0721076414277], [-1.3239143918658305e-05, 0.006917924673983279, 1.0]]",433.8,837.6,211.4,1061.8,224.2,224.2,631.6,629.8,1,1,1
15,BAEK_LEE_TAN_MURALITHARAN_PERODUA_Malaysia_Masters_2023_Finals,.mp4,2,7,Finals,2023-05-28,3,101,14,33,44,45,1,"[[1.3559220785392665, 0.7093073080001644, -699.1157847845984], [0.017668754264783718, 7.349687369200682, -2166.7834461201237], [1.27258973206319e-05, 0.0037318841085570253, 1.0]]",390.2,900.8,236.4,1041.6,324.0,322.8,666.6,665.2,1,1,1
16,TAN_MURALITHARAN_FUKUSHIMA_HIROTA_PERODUA_Malaysia_Masters_2023_quarterfinals,.mp4,2,7,Quarter-finals,2023-05-26,3,111,44,45,23,24,0,"[[1.3541697975298324, 0.7052973626269057, -696.2767741115766], [0.02690292263343219, 7.322678973179087, -2163.398422009544], [2.4520791935876267e-05, 0.0037055935076210065, 1.0]]",389.4,901.2,236.2,1041.6,324.2,322.4,666.8,665.4,1,1,1
17,TAN_MURALITHARAN_JEONG_KIM_PERODUA_Malaysia_Masters_2023_SemiFinals,.mp4,2,7,Semi-finals,2023-05-27,2,93,44,45,47,46,0,"[[1.335544397288982, 0.6961591930805128, -687.1912036926867], [0.010912394136688259, 7.24798832219854, -2135.1670889532074], [1.4304185709014888e-06, 0.0036652899385129275, 1.0]]",389.8,901.0,236.6,1040.8,324.2,323.4,666.8,665.0,1,1,1
18,Kim_Kong_Kititharakul_Prajongjai_Thailand_Open_2023_SemiFinals,.mp4,2,8,Semi-finals,2023-07-03,2,42,13,12,48,49,0,"[[1.283291756952055, 0.5725227763050278, -622.4579797930066], [-0.03793192062653835, 6.787024513637768, -2193.0960171892407], [-2.4688567177284824e-07, 0.003099420519221878, 1.0]]",370.4,883.0,245.0,1007.0,356.2,359.2,685.4,692.0,1,1,1
19,Kim_Kong_Aimsaard_Aimsaard_Thailand_Open_2023_Finals,.mp4,2,8,Finals,2023-07-04,2,39,13,12,50,51,0,"[[1.2476056614947417, 0.5522618282005682, -602.0314774572521], [-0.03712232832582733, 6.641346184959506, -2148.0332615044813], [-2.58633571507021e-05, 0.0030149532569770485, 1.0]]",369.4,883.4,245.0,1006.8,356.6,359.4,686.4,689.4,1,1,1
20,Baek_Lee_Aimsaard_Aimsaard_Thailand_Open_2023_SemiFinals,.mp4,2,8,Semi-finals,2023-07-03,2,42,50,51,14,33,1,"[[1.2909735697762554, 0.5779399176615712, -627.5704760524137], [-0.03229996887158522, 6.8243890654675985, -2211.5889978222126], [7.221813759212293e-06, 0.003114207633190216, 1.0]]",370.6,883.4,244.8,1006.8,356.8,359.4,685.6,692.2,1,1,1
21,LIANG_WANG_HOKI_KOBAYASHI_VICTOR_China_Open_2023_SemiFinal,.mp4,1,9,Semi-finals,2023-09-09,3,67,19,18,4,3,1,"[[1.3870491226804638, 0.764826230608201, -709.2163726530725], [-0.020205878112507996, 7.818071699502907, -2308.6097902809474], [-5.075252123311687e-06, 0.0041146231285287115, 1.0]]",377.0,903.4,213.0,1062.0,326.2,327.6,674.2,677.2,1,1,1
22,LIANG_WANG_LIU_OU_VICTOR_China_Open_2023_quarterfinals,.mp4,1,9,Quarter-finals,2023-09-08,2,39,19,18,7,8,0,"[[1.3873071477311962, 0.7705425174318266, -712.1900124443445], [-0.024184929989331052, 7.844562336789885, -2312.3392559375197], [-1.5650646299681315e-05, 0.0041396180665794775, 1.0]]",378.0,903.6,212.8,1062.0,325.8,327.4,673.8,676.0,1,1,1
23,LIANG_WANG_CHIA_SOH_VICTOR_China_Open_2023_Finals,.mp4,1,9,Finals,2023-09-10,2,26,19,18,52,53,0,"[[1.3922084857091916, 0.7694429487627271, -713.3334517818773], [-0.01119523680031181, 7.845422459033618, -2323.326632615608], [9.650528804423897e-07, 0.004125134323135803, 1.0]]",377.4,904.0,213.0,1061.8,326.6,327.4,674.4,676.6,1,1,1
24,RANKIREDDY_SHETTY_CHIA_SOH_KAPAL_API_GROUP_Indonesia_Open_2023_Finals,.mp4,1,10,Finals,2023-06-18,2,43,54,55,52,53,1,"[[1.353420037197084, 0.5257714215170254, -685.4004611736955], [0.0005289869456061814, 5.2077834866945025, -1190.4331646391609], [5.289869215230035e-06, 0.0028246606443569633, 1.0]]",439.4,841.6,307.2,969.0,262.0,262.0,660.0,660.8,1,1,1
25,Kusumawardana_Rambitan_Chia_Soh_KAPAL_API_GROUP_Indonesia_Open_2023_SemiFinal,.mp4,1,10,Semi-finals,2023-06-17,3,57,52,53,57,56,0,"[[1.3957247749538526, 0.5410778352466448, -692.0887504535726], [0.007344369201706278, 5.375426588092794, -1296.3091599185113], [-2.592645429962513e-06, 0.0029118506326766256, 1.0]]",424.4,825.6,292.6,952.2,274.0,273.4,671.8,669.8,1,1,1
26,Rankireddy_Shetty_Kang_Seo_KAPAL_API_GROUP_Indonesia_Open_2023_SemiFinal,.mp4,1,10,Semi-finals,2023-06-17,3,67,54,55,58,59,1,"[[1.3942745978542435, 0.540898977991418, -691.6373792575677], [0.007464348541306701, 5.366370467393531, -1292.9639135843595], [-1.2243613035121746e-06, 0.0029061215987472877, 1.0]]",424.6,826.0,292.6,952.4,273.8,273.2,671.8,670.0,1,1,1
27,Fukushima_Hirota_Matsumoto_Nagahara_KAPAL_API_GROUP_Indonesia_Open_2023_SemiFinal,.mp4,2,10,Semi-finals,2023-06-17,3,80,23,24,60,61,0,"[[1.3752861469003559, 0.5294220772968379, -679.7894563050347], [0.0040807061810144655, 5.291351112398757, -1272.6769996187895], [-8.950998879988596e-06, 0.002856231647374488, 1.0]]",423.8,826.2,292.6,952.6,273.8,273.4,672.8,670.4,1,1,1
28,Baek_Lee_Jeong_Kim_KAPAL_API_GROUP_Indonesia_Open_2023_SemiFinal,.mp4,2,10,Semi-finals,2023-06-17,2,52,14,33,47,46,0,"[[1.3948230645937054, 0.5382551090059562, -691.1589127264705], [0.009940183813111483, 5.358800423128944, -1295.0393930273756], [-1.609787060600394e-06, 0.0029046043616673045, 1.0]]",424.4,825.8,292.8,953.0,274.4,273.6,673.6,671.2,1,1,1
29,Baek_Lee_Fukushima_Hirota_KAPAL_API_GROUP_Indonesia_Open_2023_Final,.mp4,2,10,Finals,2023-06-18,2,68,14,33,23,24,1,"[[1.3499145540473456, 0.5274889676868111, -684.3351628290906], [-0.0024111199326016246, 5.207142971981496, -1186.113520698994], [3.7678660389177427e-07, 0.002829270410057212, 1.0]]",439.6,841.8,306.6,969.2,261.4,261.6,659.4,660.0,1,1,1
30,LEE_WANG_RANKIREDDY_SHETTY_DAIHATSU_Japan_Open_2023_Quarterfinals,.mp4,1,11,Quarter-finals,2023-07-28,3,70,62,63,54,55,1,"[[1.0014467862474246, 0.35688775669274697, -455.6615474462645], [-0.01138790592185265, 4.869537256349321, -1454.4110182440706], [-5.189537566602364e-06, 0.00197625129945644, 1.0]]",380.8,896.6,277.4,1003.2,333.6,334.8,674.8,676.4,1,1,1
31,KOGA_SAITO_LEE_WANG_KAPAL_API_GROUP_Indonesia_Open_2023_ Round_of_32,.mp4,1,12,Round-of-32,2023-06-14,3,66,64,65,62,63,1,"[[1.3051413980680335, 0.50425909155903, -650.1370254400266], [-0.02430241996497851, 5.10626491730849, -1115.610357981433], [-5.07141735338764e-06, 0.002758234366916703, 1.0]]",435.2,841.2,305.6,971.8,253.8,255.8,647.4,652.0,1,1,1
32,LIU_TAN_IWANAGA_NAKANISHI_PETRONAS_Malaysia_Open_2024_Semifinals,.mp4,2,13,Semi-finals,2024-01-13,2,47,66,67,68,69,0,"[[1.5159534764083908, 0.7969197231644967, -788.5237628389598], [0.029921503361837434, 8.422457702081983, -2644.717787953702], [1.9320718933906332e-05, 0.004331153595480645, 1.0]]",384.6,898.4,232.4,1049.0,342.2,340.4,681.4,679.0,1,1,1
33,JIA_CHEN_MATSUMOTO_NAGAHARA_YONEX _French_ Open_2024_Semifinals,.mp4,2,14,Semi-finals,2024-03-09,2,50,41,40,60,61,1,"[[1.576533646426432, 0.7782418911615603, -824.2189050804187], [0.0530642328629141, 7.345898539616629, -1935.334818955121], [3.414365692249214e-05, 0.004228709310229072, 1.0]]",417.6,863.8,256.6,1023.0,291.0,287.8,673.0,668.0,1,1,1
34,JIA_CHEN_MATSUYAMA_SHIDA_YONEX_French_Open_2024_Finals,.mp4,2,14,Finals,2024-03-10,3,88,41,40,42,43,1,"[[1.5817456222379853, 0.7841418544057617, -828.4076584407792], [0.05925272907415507, 7.372284180750577, -1943.4779654785293], [3.132973388392435e-05, 0.004258605587492207, 1.0]]",418.0,863.6,255.8,1023.2,290.8,287.2,674.0,667.4,1,1,1
35,LIANG_WANG_LEE_WANG_YONEX_French_Open_2024_Round_of_32,.mp4,1,14,Round-of-32,2024-03-06,3,42,19,18,62,63,0,"[[1.507541846998322, 0.7481101561004666, -782.2251163244142], [0.04411330139406569, 7.046320223862749, -1782.2434081338495], [2.4020500867943468e-05, 0.004052654404342578, 1.0]]",418.0,863.8,256.6,1021.8,280.8,278.0,661.6,656.6,1,1,1
36,PUAVARANUKROH_TAERATTANACHAI_YE_LEE_YONEX_SUNRISE_India_Open_2024_Semifinals,.mp4,3,15,Semi-finals,2024-01-20,3,74,70,71,29,25,0,"[[5.37263158705893, 3.7689784054119726, -3273.701037811239], [0.06817136990909599, 32.78028629666511, -10312.437125051973], [1.0189772361322146e-05, 0.020379217631521094, 1.0]]",412.0,869.8,219.2,1056.8,337.8,336.8,659.6,656.6,1,1,1
37,CHEN_TOH_YE_LEE_YONEX_Swiss_Open_2024_Semifinals,.mp4,3,16,Semi-finals,2024-03-23,2,38,72,73,29,25,0,"[[1.4218326300908304, 0.752557783741603, -725.987164103246], [-0.012601283779903738, 7.600368643728237, -2131.271029760562], [-1.0622145966756148e-05, 0.004114231915079837, 1.0]]",389.2,887.6,228.8,1047.8,311.0,311.8,666.6,667.4,1,1,1
38,YE_LEE_SEO_CHAE_YONEX_All_England_Open_2024_Round_Of_32,.mp4,3,17,Round-of-32,2024-03-13,2,29,29,25,59,74,1,"[[2.922949713165262, 1.5460062232015692, -1655.0619671161314], [0.02464704131180394, 17.704300852243637, -6655.474665779506], [3.5232392568541324e-05, 0.008617696952849356, 1.0]]",395.6,874.0,270.2,1006.2,400.6,400.0,679.6,679.8,1,1,1
39,ALFIAN_ARDIANTO_LEE_WANG_YONEX_All_England_Open_2024_Quarterfinals,.mp4,1,17,Quarter-finals,2024-03-15,2,45,16,17,62,63,0,"[[3.014073202824456, 1.6080073207684416, -1713.6765377351062], [0.02636565955418201, 18.277539277403832, -6872.926142254822], [4.534585664664407e-05, 0.00892913901873813, 1.0]]",396.0,873.8,269.6,1006.2,400.6,400.0,679.2,679.8,1,1,1
40,CHRISTIANSEN_BØJE_YE_LEE_VICTOR_Denmark_Open_2023_Quarterfinals,.mp4,3,18,Quarter-finals,2023-10-20,3,61,75,76,29,25,0,"[[1.6317329045564808, 0.7625587480490669, -851.5432054369076], [0.01774439562315023, 6.841187889111289, -1548.1501707737323], [1.776646323187259e-05, 0.004253464369924476, 1.0]]",437.0,838.8,274.6,1009.8,255.8,254.8,664.8,664.0,1,1,1
41,CHIA_SOH_LEE_YANG_YONEX_All_England_Open_2024_Semifinals,.mp4,1,17,Semi-finals,2024-03-16,2,36,52,53,77,78,0,"[[2.989645321799672, 1.5879659672215545, -1697.0383921086466], [0.04123210407408974, 18.07021634153899, -6799.699913030187], [5.2591968948502724e-05, 0.008823617946209684, 1.0]]",396.0,873.8,269.8,1006.2,400.6,399.6,680.0,680.0,1,1,1
42,BAEK_LEE_KIM_KONG_YONEX_All_England_Open_2024_Semifinals,.mp4,2,17,Semi-finals,2024-03-16,3,86,14,33,13,12,0,"[[3.011535347754501, 1.5991663031417036, -1709.08291572251], [0.04984011434667664, 18.20948254596249, -6859.462741638255], [6.35715737765962e-05, 0.008884934986520135, 1.0]]",395.8,873.8,269.8,1006.2,400.8,399.6,679.8,679.8,1,1,1
43,TANG_TSE_YE_LEE_Paris_Olympic_Games_Groupstage,.mp4,3,19,Group-Stage,2024-07-27,2,35,79,80,29,25,1,"[[9.61762906562754, 6.237995767633773, -5877.761067403044], [0.4084623588608917, 51.832745861154216, -15407.427455286004], [0.0005132666292007034, 0.03500381677163764, 1.0]]",439.8,845.8,249.0,1053.8,317.6,314.6,663.8,663.6,1,1,1
44,LEE_YANG_WANG_CHI_LIN_HOKI_TAKURO_KOBAYASHI_YUGO_Paris_Olympic_2024_GroupStage,.mp4,1,19,Group-Stage,2024-07-27,2,34,62,63,81,82,0,"[[9.041534013930624, 5.868529327311336, -5513.26837019622], [0.3595594976549131, 48.670740290785446, -14386.857104861934], [0.0004658664594117207, 0.03289972124649685, 1.0]]",439.2,845.2,247.8,1053.4,316.2,313.4,663.2,663.4,1,1,1
45,RANKIREDDY_SHETTY_CORVEE_LABAR_Paris_Olympic_Games_Groupstage,.mp4,1,19,Group-Stage,2024-07-27,2,45,54,55,83,84,0,"[[6.133828003774687, 4.035864623439098, -3708.923158508058], [0.12487559788960158, 33.8408464555829, -10200.418643452282], [5.368388797977265e-05, 0.02246229724770999, 1.0]]",427.8,850.8,231.4,1054.8,324.4,322.8,675.6,671.4,1,1,1
46,ASTRUP_Kim_RASMUSSEN_Anders_Skaarup_CHIU_Vinson_YUAN_Joshua_Paris_Olympic_Games_Groupstage,.mp4,1,19,Group-Stage,2024-07-28,2,36,85,86,87,88,0,"[[6.068512796831425, 4.037617443409155, -3608.345569748843], [0.1484763009468241, 33.423574368726385, -9533.927667481694], [0.00014723247107883568, 0.02289150888411042, 1.0]]",426.0,845.0,223.8,1066.8,307.6,305.8,666.2,664.4,1,1,1
47,LIANG_WANG_CHIA_SOH_Paris_Olympic_Games_Groupstage,.mp4,1,19,Group-Stage,2024-07-29,2,41,19,18,52,53,1,"[[5.99661549416977, 3.943960649813328, -3624.9219876745915], [0.09083647779801234, 33.074930538847646, -9942.293676085708], [3.2355853568626503e-05, 0.021959166681041337, 1.0]]",428.0,851.0,231.6,1055.2,324.0,322.8,675.4,672.0,1,1,1
48,RANKIREDDY_Satwiksairaj_SHETTY_Chirag_ALFIAN_Fajar_ARDIANTO_Muhammad_Rian_Paris_Olympic_Games_Groupstage,.mp4,1,19,Group-Stage,2024-07-30,2,38,54,55,16,17,0,"[[5.957186334275879, 4.086334910936431, -3610.4758854419024], [-0.0104678444388704, 32.99402697890528, -9347.339633103196], [4.214836345472389e-05, 0.022603774216698253, 1.0]]",431.2,849.8,223.2,1065.6,307.6,307.8,664.0,666.4,1,1,1
49,LIANG_WANG_ALFIAN_ARDIANTO_Paris_Olympic_Games_Quarterfinals,.mp4,1,19,Quarter-finals,2024-08-01,2,50,19,18,16,17,1,"[[9.751740387938927, 6.711296536882018, -6109.477067681329], [0.40674558142775846, 52.50193429862005, -15509.61442378378], [0.00044201281750827053, 0.035826251172650196, 1.0]]",443.8,848.6,236.8,1047.8,315.8,312.8,666.8,664.8,1,1,1
50,LIU_TANG_BAEK_LEE_DAIHATSU_Japan_Open_2024_Finals,.mp4,2,20,Finals,2024-08-25,2,64,66,67,14,33,0,"[[1.1500564848852317, 0.34273889760413334, -556.3405732801195], [-0.015272958028681154, 5.156603920346357, -1721.4225282510954], [-2.1025259703201645e-05, 0.0018688197374614, 1.0]]",413.6,866.4,334.6,944.2,367.6,368.8,678.6,678.4,1,1,1
51,BAEK_LEE_IWANAGA_NAKANISHI_DAIHATSU_Japan_Open_2024_Semifinals,.mp4,2,20,Semi-finals,2024-08-24,2,59,14,33,68,69,1,"[[1.1504536841299737, 0.33716077575897146, -553.6943198096551], [-0.012593093019876085, 5.162895420359097, -1727.013336311708], [-1.6062618697130535e-05, 0.0018586090933526275, 1.0]]",412.8,865.8,335.6,944.0,368.0,369.0,677.6,677.6,1,1,1
52,MATSUYAMA_SHIDA_JIA_CHEN_BWF_World_Tour_Finals_2024_Semi-finals,.mp4,2,21,Semi-finals,2024-12-14,2,68,42,43,41,40,1,"[[6.958144827136051, 4.571729040940795, -4307.528592746497], [0.0206265229238255, 39.766015837677145, -12975.397019516091], [3.301414373799543e-05, 0.024501604048522408, 1.0]]",426.2,857.0,246.8,1028.8,350.2,350.0,669.4,669.6,1,1,1
53,ZHENG_HUANG_JIANG_WEI_BWF_World_Tour_Finals_2024_Semifinals,.mp4,3,21,Semi-finals,2024-12-14,2,39,20,11,89,90,0,"[[6.904341129080616, 4.514281541178738, -4268.125007620594], [0.019721293157302658, 39.434476387048825, -12867.298645370181], [2.515471038873916e-05, 0.02427161705263083, 1.0]]",426.4,856.6,248.2,1028.4,350.2,350.0,669.0,669.0,1,1,1
54,MATSUYAMA_SHIDA_LIU_TAN_YONEX_All_England_Open_2025_Semifinals,.mp4,2,19,Semi-finals,2025-03-15,2,46,42,43,66,67,1,"[[2.5166757489131855, 1.3198506044724396, -1419.8428362567538], [-0.030411739125189532, 14.787623431762867, -5328.5550936117015], [-7.281996578825099e-06, 0.007294998825207723, 1.0]]",402.2,875.8,273.8,1008.0,387.0,388.0,674.8,676.8,1,1,1
55,KIM_SEO_CARNANDO_MAULANA_YONEX_All_England_Open_2025_Finals,.mp4,1,19,Finals,2025-03-16,2,42,91,59,92,93,0,"[[2.7096952923303492, 1.4264024091607483, -1543.1191599464441], [-0.0030630657511824563, 15.870689438644911, -5801.536302454103], [3.3156126187611154e-05, 0.007860837637455096, 1.0]]",404.2,877.2,275.2,1010.2,391.4,391.6,679.2,681.4,1,1,1
56,FUKUSHIMA_MATSUMOTO_LI_LUO_PETRONAS_Malaysia_Open_2025_Semifinals,.mp4,2,20,Semi-finals,2025-01-11,2,61,23,60,94,95,0,"[[1.5348920392995271, 0.8043209850854356, -798.5570282505037], [0.02892490149169726, 8.677730833205759, -2784.8088238220625], [4.995063934699174e-07, 0.0043868639935886675, 1.0]]",382.0,895.6,234.0,1041.8,348.8,347.0,680.0,675.6,1,1,1
57,KIM_SEO_ASTRUP_Kim_RASMUSSEN_Anders_Skaarup_KFF_Singapore_Badminton_Open_2025_Semifinals,.mp4,1,21,Semi-finals,2025-03-09,2,42,91,59,85,86,1,"[[1.1221508495328976, 0.36545089161026334, -530.3406928644966], [0.011312424709003196, 5.045765747879347, -1556.9791165599981], [1.0405421681152884e-05, 0.002015462177792844, 1.0]]",402.2,873.8,309.6,968.8,341.2,340.2,675.2,674.6,1,1,1
59,PUAVARANUKROH_PAEWSAMPRAN_TANG_TSE_KFF_Singapore_Badminton_Open_2025_Finals,.mp4,3,21,Finals,2025-06-01,2,34,70,97,79,80,0,"[[1.1120358392046337, 0.3648455283100359, -526.5543724884103], [0.003912064958117416, 5.007708296774578, -1538.9869481156852], [-1.6525641267328518e-06, 0.0020046992935443303, 1.0]]",402.6,874.2,309.0,968.8,340.6,340.2,675.6,674.6,1,1,1
61,ALFIAN_FIKRI_CHIA_SOH_VICTOR_China_Open_2025_Finals,.mp4,1,23,Finals,2025-07-27,2,35,16,98,52,53,0,"[[1.914343625449903, 1.0427493836222903, -1036.7650283922194], [-0.0033868937834631314, 10.920404085988325, -3549.39208131138], [8.116513766674086e-06, 0.005716567948322466, 1.0]]",392.0,885.0,243.2,1035.6,352.8,353.0,673.4,674.6,1,1,1
62,ALFIAN_FIKRI_LIANG_WANG_VICTOR_China_Open_2025_Semifinals,.mp4,1,23,Semi-finals,2025-07-26,2,37,16,98,19,18,0,"[[1.884355034460771, 1.027903875375312, -1021.9570003592047], [-0.021612213467545174, 10.762146346950178, -3481.942313063392], [-9.160292886016889e-06, 0.005630670473884828, 1.0]]",393.0,885.8,244.0,1035.8,352.0,353.0,672.6,674.4,1,1,1
63,GICQUEL_DELRUE_PUAVARANUKROH_PAEWSAMPRAN_KAPAL_API_Indonesia_Open_2025_Finals,.mp4,3,22,Finals,2025-06-08,2,48,21,22,70,97,0,"[[1.7466414786156887, 0.6652739240820703, -924.8792493909185], [0.05436332823732129, 6.663450944726168, -1734.6521187306992], [3.677788420948493e-05, 0.003683073419424639, 1.0]]",452.0,824.6,329.8,951.0,287.8,284.8,664.8,660.6,1,1,1
